sku,name,category,price_dop,stock,description
BORRADELECHEUND,BORRA DE LECHE GENERICA MEDIANA,Material Escolar,15,20,"BORRA DE LECHE ESCOLAR, 1 UNIDAD, 6.5X2 CM, IDEAL PARA USO ESCOLAR"
BORRADORMAGNE,BORRADOR PIZARRA BLANCA MAG VARIEDAD,Material Escolar,80,12,"BORRADOR PARA PIZARRA BLANCA, 1 UNIDAD, 13X5.5 CM, VARIOS COLORES"
CART 2,CARTULINA AMARILLO CLARO UND,Material Escolar,20,6,"CARTULINA AMARILLA PASTEL, 1 UNIDAD, 65X50 CM, IDEAL PARA USO ESCOLAR"
CART7,CARTULINA AMARILLO FUERTE UNID,Material Escolar,30,10,"CARTULINA AMARILLO BRILLANTE, 1 UNIDAD, 65X50 C, IDEAL PARA USO ESCOLAR"
CART8,CARTULINA AZUL FUERTE UND,Material Escolar,30,7,"CARTULINA AZUL REY, 1 UNIDAD, 65X50 CM, IDEAL PARA USO ESCOLAR"
C1,CARTULINA BLANCA UND,Material Escolar,20,10,"CARTULINA BLANCA, 1 UNIDAD, 65X50 CM, IDEAL PARA USO ESCOLAR"
CART12,CARTULINA GRIS FUERTE UND,Material Escolar,30,9,"CARTULINA GRIS, 1 UNIDAD, 65X50 CM, IDEAL PARA USO ESCOLAR"
CARTULINMETAZU,CARTULINA METALIZADA AZUL,Material Escolar,90,5,"CARTULINA METALIZADA AZUL, 65X50CM, 1 UNIDAD, IDEAL PARA MANUALIDADES"
CARTULINAMETROJ,CARTULINA METALIZADA ROJA,Material Escolar,90,10,"CARTULINA METALIZADA ROJA, 65X50 CM, 1 UNIDAD, IDEAL PARA MANUALIDADES"
CARTULINAMETVERD,CARTULINA METALIZADA VERDE,Material Escolar,90,5,"CARTULINA METALIZADA VERDE, 65X50 CM, 1 UNIDAD, IDEAL PARA MANUALIDADES"
CART10,CARTULINA MORADA FUERTE UND,Material Escolar,30,10,"CARTULINA MORADA BRILLANTE, 1 UNIDAD, 65X50 CM, IDEAL PARA USO ESCOLAR"
CARTVAR,CARTULINA NARANJA CLARO UND,Material Escolar,30,10,"CARTULINA NARANJA CLARA, 65X50 CM, 1 UNIDAD, IDEAL PARA MANUALIDADES"
CART9,CARTULINA NARANJA FUERTE UND,Material Escolar,30,5,"CARTULINA NARANJA BRILLANTE, 1 UNIDAD, 65X50 CM, IDEAL PARA USO ESCOLAR"
CART11,CARTULINA NEGRA UND,Material Escolar,30,8,"CARTULINA NEGRA, 1 UNIDAD, 65X50 CM, IDEAL PARA PROYECTOS Y MANUALIDADES"
CART5,CARTULINA ROJA ESCARLATA UND,Material Escolar,30,23,"CARTULINA ROJO BRILLANTE, 1 UNIDAD, 65X50 CM, IDEAL PARA USO ESCOLAR"
CART6,CARTULINA ROSA FUERTE UND,Material Escolar,30,7,"CARTULINA ROSA BRILLANTE, 1 UNIDAD, 65X50 CM, IDEAL PARA USO ESCOLAR"
CART3,CARTULINA ROSADA CLARA UND,Material Escolar,20,1,"CARTULINA ROSA PASTEL, 1 UNIDAD, 65X50 CM, IDEAL PARA USO ESCOLAR"
CART4,CARTULINA VERDE CLARO UND,Material Escolar,20,6,"CARTULINA VERDE PASTEL, 1 UNIDAD, 65X50 CM, IDEAL PARA USO ESCOLAR"
6820220039048,CHINCHETAS SURTIDAS CAJITA,Papelería y Oficina,65,12,"CHINCHETAS, 1 CAJA, 4X5.5 CM, IDEAL PARA USO EN OFICINAS"
CINTTRANSGRAN,CINTA ADHESIVA ANCHA,Papelería y Oficina,100,4,"CINTA ADHESIVA, 1 ROLLO, 5 CM DE ANCHO, IDEAL PARA USO ESCOLAR"
CINTAPEQ,CINTA ADHESIVA FINA UNID,Papelería y Oficina,80,4,"CINTA ADHESIVA, 1 ROLLO, 1 CM DE ANCHO, IDEAL PARA USO ESCOLAR"
6920151191058,CINTA DOBLE CARA UNIDAD,Material Escolar,250,10,"CINTA DOBLE CARA, 1 ROLLO, 8 CM DE ANCHO, IDEAL PARA MANUALIDADES"
6970873981048,CLIPS BILLETERO 19MM PAQUETE 12 UND,Papelería y Oficina,40,24,"CLIPS BILLETERO NEGRO, 1 CAJA,12 UNIDADES, 1.9 CM DE ANCHO, IDEAL PARA USO DE OFICINA"
6970873980966,CLIPS BILLETERO 32MM PAQUETE 12 UND,Papelería y Oficina,80,11,"CLIPS BILLETERO NEGRO, 1 CAJA,12 UNIDADES, 3.2 CM DE ANCHO, IDEAL PARA USO DE OFICINA"
1313526879692,CLIPS DE ARCHIVERO PAQUETE 50 UND,Papelería y Oficina,70,10,"CLIPS DE ARCHIVERO, 1 CAJA, 50 UND, 5 CM, IDEAL PARA USO DE OFICINA"
1313526879944,COMPAS PLASTICO 11.6X3,Material Escolar,60,11,"COMPAS PLASTICO,11.6X3 CM, IDEAL PARA USO ESCOLAR"
COPIACOLOR8.5X11,COPIA A COLOR 8.5X11 POR PAGINA,Servicios,10,962,SERVICIO DE FOTOCOPIADO EN TAMAÑO 8.5X11 A COLOR POR PAGINA
COPIACOLOR8.5X14,COPIA A COLOR 8.5X14 POR PAGINA,Servicios,20,999,SERVICIO DE FOTOCOPIADO EN TAMAÑO 8.5X14 A COLOR POR PAGINA
20260302084532030,COPIA A COLOR HOJA NOTARIAL POR PAGINA,Servicios,50,999,COPIA A COLOR HOJA NOTARIAL 8.5X13.5
COPIA85X11,COPIA BLANCO Y NEGRO 8.5X11 POR PAGINA,Servicios,5,999,SERVICIO DE FOTOCOPIADO EN TAMAÑO 8.5X11 A BLANCO Y NEGRO POR PAGINA
COPIA85X14,COPIA BLANCO Y NEGRO 8.5X14 POR PAGINA,Servicios,10,999,SERVICIO DE FOTOCOPIADO EN TAMAÑO8.5X14 A BLANCO Y NEGRO POR PAGINA
IMPHOJNT,COPIA EN HOJA NOTARIAL BLANCO Y NEGRO POR PAGINA,Servicios,40,999,"SERVICIO DE COPIA B/N EN HOJA NOTARIAL, 8.5 X 13.5"
6936926333011,CORRECTOR LIQUIDO BLANCO 7ML,Material Escolar,40,21,LIQUID PAPER BLANCO DUO LAVBOA UND
1313526871399,CRAYONES DE CERA CAJA 12,Material Escolar,49.9996,21,PAQUETE CRAYONES DE CERA MULTI COLOR 12 WEIBO
7462955102896,CUADERNO SCRITO COSIDO,Material Escolar,65,231,"CUADERNO SCRITO COSIDO, 38.7X24.6CM,PARA USO ESCOLAR"
CURR,CURRICULUM DIGITALIZADO,Servicios,70,99,SERVICIO DE DIGITACION E IMPRESIÓN DE CURRICULUM VITAE
DIGI8X14,DIGITACION A BLANCO Y NEGRO LEGAL POR PAGINA,Servicios,30,995,"SERVICIO DE IMPRESIÓN EN HOJA LEGAL A BLANCO Y NEGRO, 8.5X14, POR PAGINA"
DIGITACIONCOLOR,DIGITACION A COLOR 8.5X11 POR PAGINA,Servicios,30,932,"SERVICIO DE IMPRESIÓN TAMAÑO CARTA A COLOR, 8.5X11, POR PAGINA"
HOJALEGA DIGI,DIGITACION A COLOR LEGAL POR PAGINA,Servicios,40,999,"SERVICIO DE IMPRESIÓN EN HOJA LEGAL A COLOR, 8.5X14, POR PAGINA"
DIGITACIONBYN,DIGITACION BLANCO Y NEGRO 8.5X11 POR PAGINA,Papelería y Oficina,20,649,"SERVICIO DE IMPRESIÓN TAMAÑO CARTA BLANCO Y NEGRO, 8.5X11, POR PAGINA"
20260302084740031,DIGITACION HOJA NOTARIAL POR PAGINA,Servicios,60,999,DIGITACION DE HOJA NOTARIAL 8.5X13.5
ESTUCHETRANSPUND,ESTUCHE VARIEDAD COLOR TRANSPARENTE UND,Material Escolar,55,24,"ESTUCHE VARIEDAD COLOR TRANSPARENTE, 23X12CM, IDEAL PARA USO ESCOLAR"
FOLDER85X11UND,FOLDER MANILA 8.5X11 UND,Papelería y Oficina,10,99,"FOLDER MANILA IFOFOLDER, 8.5X11 UND, IDEAL PARA OFICINA"
FOLDER85X14UND,FOLDER MANILA 8.5X14 UND,Papelería y Oficina,15,135,"FOLDER AS 8.5X14 UNIDAD, IDEAL PARA OFICINA"
2022124765533,GOMITAS BANDA 200/1 PAQUETE,Papelería y Oficina,70,3,"CAJA DE GOMAS PARA DOCUMENTOS, COLORES SURTIDOS"
1313526879487,GRAPADORA ESTANDARD GRANDE DGG,Papelería y Oficina,180,4,"GRAPADORA ESTANDARD GRANDE , 16CM, IDEAL PARA OFICINA"
6970873984599,GRAPADORA ESTANDARD MEDIANA DGG,Papelería y Oficina,150,4,"GRAPADORA ESTANDARD MEDIANA, 13CM, IDEAL PARA USO ESCOLAR"
HOJABOND85X11,HOJA PAPEL BOND 8.5X11 PAQUETE 5 UND,Papelería y Oficina,5,1986,INFOPRINT PAPEL BOND 8.5X11 UNIDAD
HOJABOND85X14UND,HOJA PAPEL BOND 8.5X14 UND,Papelería y Oficina,5,990,INFOPRINT PAPEL BOND 8.5X14 UNIDAD
20260316115246695,IMPRESION DE PLANO ARQUITECTONICO A COLOR,Servicios,650,999,"IMPRESION DE PLANO ARQUITECTONICO A COLOR, 24X36"
20260316115028591,IMPRESION DE PLANO ARQUITECTONICO BLANCO Y NEGRO,Servicios,350,999,IMPRESION DE PLANO ARQUITECTONICO 24X36
1313526879951,JUEGO DE REGLAS CON COMPAS ESTUCHE,Material Escolar,150,6,"COMPAS JUEGOS DE REGLAS, 16X8CM, IDEAL PARA USO ESCOLAR"
7465547688013,LAPICERO AZUL ARLES UND,Material Escolar,15,87,BOLIGRAFO AZUL CON TAPA ARLES UNIDAD
2022124765526,LAPICERO MULTICOLOR,Material Escolar,25,7,BOLIGRAFO MULTICOLOR REDA COMPANY 0.7MM
LAPICERONEGROARLES,LAPICERO NEGRO ARLES,Material Escolar,15,50,BOLIGRAFO NEGRO ARLES UNIDAD
2022124765564,LAPICES DE COLOR CAJA 12,Material Escolar,40,12,CAJA DE LAPICES MULTI COLOR PAQUETE DE 12 GENERICO
2022124765595,LAPICES PAQUTE DE 12 UNIDADES,Material Escolar,60,20,CAJA DE 12 UNID DE LAPICES DE CARBON CON BORRA
LAPIZCONBORRAUND,LAPIZ CON BORRA UND,Material Escolar,10,19,"LAPIZ CON BORRA, 12 UND"
7468355583037,LIBRETA RAYADA AMARILLA 5.5X8.5,Papelería y Oficina,60,2,"LIBRETA RAYADA, 5.55X8.5, 50 HOJAS"
7468355583044,LIBRETA RAYADA AMARILLA 8.5X11,Papelería y Oficina,85,2,"LIBRETA RAYADA AMARILLLA, 8.5X11, 50 HOJAS"
6976693300410,MARCADOR DE PIZARRA AZUL,Material Escolar,35,23,MARCADOR DE PIZARRA WEIBO AZUL UND
MARCADORPIZZARRANEGROUND,MARCADOR DE PIZARRA NEGRO,Material Escolar,35,24,MARCADOR DE PIZARRA NEGRO UNIDAD
MARCADORPIZZARRAROJOUND,MARCADOR DE PIZARRA ROJO,Material Escolar,35,24,MARCADOR DE PIZARRA ROJO WEIBO UND
1313526871672,MARCADOR PERMANENTE AZUL,Material Escolar,35,14,MARCADOR AZUL WEIBO
MARCADORPERMANNEGRO,MARCADOR PERMANENTE NEGRO,Material Escolar,35,15,MARCADOR PERMANENTE WEIBO NEGRO UND
MARCADORPERMANROJO,MARCADOR PERMANENTE ROJO,Material Escolar,35,18,MARCADOR PERMANENTE ROJO WEIBO UND
7453038441155,MASILLA 12 COLORES,Papelería y Oficina,100,3,"MASILLA 12 COLORES, 9CM, IDEAL PARA USO ESCOLAR"
7453038444118,MASILLA JUMBO 4 COLORES,Papelería y Oficina,150,1,"MASILLA JUMBO 4 COLORES, 4X12CM,IDEAL PARA USO ESCOLAR"
6824120314052,MOCHILAS COMBO LONCHERA-STUCHE,Material Escolar,1300,3,"MOCHILAS, LONCHERAS Y ESTUCHES, VARIOS DISEÑOS"
HANI1039180GSM,PAPEL FOTOGRAFICO BRILLANTE 180 HOJA,Papelería y Oficina,15,985,"PAPEL FOTOGRAFICO BRILLANTE, 1 UND 180 GRAMOS"
6902105168132,PAQUETE CLIPS DE METAL 33MM,Papelería y Oficina,25,20,"CAJA DE CLIPS DE METAL, 33MM, IDEAL PARA USO DE OFICINA"
6902105168828,PAQUETE CLIPS METAL 50MM,Papelería y Oficina,65,9,"CLIPS DE METAL GRANDE , 1 CAJA, 50MM, IDEAL PARA OFICINA"
20260306171602966,"PAQUETE DE 100, IMPRESION STICKER 3X3",Servicios,450,999,IMPRESION DE 100 STICKER A COLOR O B/N 3X3
20260621195111387,PAQUETE DE ROLLO TERMICO 80MM 10UNID,Papelería y Oficina,500,9,"PAQUETE DE ROLLO TERMICO PARA FACTURAS DE 80 MM, 10 UNIDADES"
1313526879876,PAQUETE FOAMY ESCARCHADO 9X12,Material Escolar,180,1,PAQUETE FOAMY MULTI COLOR ESCARCHADO GENERICO
1313526879869,PAQUETE FOAMY LISO 8X12,Material Escolar,90,3,PAQUETE DE FOAMY GENERICO 8X12
7592474240035,PAQUETE FOLDERS MANILA 8.5X11,Papelería y Oficina,350,2,PAQUETE OFIFOLDER FOLDERS MANILA 8.5X11
7462313902540,PAQUETE FOLDERS MANILA 8.5X14,Papelería y Oficina,480,8,FOLDERS AS PLUS MANILA 8.5X14
1313526879579,PAQUETE GRAPAS TAMANO STANDARD 26/6,Papelería y Oficina,75,5,CAJA DE GRAPAS TAMAÑO STANDARD
2221758347317,PAQUETE PAPEL CREPE MULTI COLOR,Papelería y Oficina,180,0,PAQUETE PAPEL CREPE MULTI COLOR
HANI-1039-180GSM,PAQUETE PAPEL FOTOGRAFICO BRILLANTE 180 GR,Papelería y Oficina,300,30,"PAPEL FOTOGRAFICO BRILLANTE, 20 HOJAS, 180 GRMOS"
HANI-1039-230GSM,PAQUETE PAPEL FOTOGRFICO BRILLANTE 230 GR,Papelería y Oficina,350,3,"PAPEL FOTOGRAFICO BRILLANTE, 20 HOJAS, 230 GRMOS"
1313526871481,PEGAMENTO BLANCO 225ML,Material Escolar,95,22,PEGAMENTO BLANCO WEIBO BOTELLA MEDIANA 225ML
1313526871467,PEGAMENTO BLANCO 40ML,Material Escolar,65,22,PEGAMENTO BLANCO BOTELLITA 40ML WEIBO
6924561100259,PEGAMENTO EN BARRA 15G UND,Material Escolar,50,18,"PEGAMENTO EN BARRA ,15G, IDEAL PARA USO ESCOLAR"
6971082811058,PEGAMENTO EN BARRA 21G UND,Material Escolar,60,24.66,"PEGAMENTO EN BARRA , 21G, IDEAL PARA USO ESCOLAR"
6957871007000,PERFORADORA 2 HOYOS HUACHI,Papelería y Oficina,345,3,"PERFORADORA DOS HOYOS HUACHI, PUEDE PERFORAR HASTA 40 HOJAS,MIDE 88MM ENTRE HOYOS"
1313526879739,PISTOLA SILICONA BARRA FINA,Papelería y Oficina,250,2,"PISTOLA DE SILICONA PARA BARRA FINA DE 1.7X20.7CM, IDEAL PARA MANUALIDADES"
1313526879722,PISTOLA SILICONA BARRA GRUESA,Papelería y Oficina,300,3,"PISTOLA DE SILICONA PARA BARRA GRUESA DE 2X21CM, IDEAL PARA MANUALIDADES"
DVBGDXVJNH,PLAN DE AHORRO ALCANCIA,Servicios,75,997,"SERVICIO PERSONALIZADO DE IMPRESIÓN EN PAPEL STICKER, MEDIDAS HASTA 8.5 X 11"
PLAST,PLASTIFICADO POR LAMINA 8.5X11,Papelería y Oficina,40,9996,"SERVICIO DE PLASTIFICACION, TAMAÑO 8.5X11"
20260529134240319,PLASTIIFICADO POR LAMINA 11X17,Servicios,100,999,SERVICIO DE PLASTIFICADO TAMAÑO 11 X 17
2022124765601,POST-IT AMARILLOS 3X3,Papelería y Oficina,45,11,PAPEL ADHESIVO POST-IT STICKS
2022124765618,POST-IT MULTICOLOR 3X3,Material Escolar,45,11,"POST-IT VARIOS COLORES, TAMAÑO 3X3"
1313526871252,REGLA DE METAL LISA 30 CM,Material Escolar,25,24,"REGLA DE METAL FINA LISA GENERICA 30CM/12"""
1313526879937,REGLA PLASTICA 30 CM 12 PULG,Material Escolar,20,24,"REGLA PLASTICA WEIBO GENERICA DE 30CM/12"""
1313526879913,REGLAS SET PEQUENO 15 CM 4 ARTCL,Material Escolar,55,24,SET DE REGLA PEQUENO PAQUETE 4 ARTICULOS
1313526871313,RESALTADOR AMARILLO FRESH,Material Escolar,35,22,RESALTADOR AMARILLO PLANO FRESH UND
1313526871344,RESALTADOR AZUL FRESH,Material Escolar,35,23,RESALTADOR AZUL FRESH UND
1313526871320,RESALTADOR ROSADO FRESH,Material Escolar,35,21,RESALTADOR ROSADO FRESH UND
1313526871337,RESALTADOR VERDE FRESH,Material Escolar,35,23,RESALTADOR VERDE FRESH UND
HOJANOT,RESMA DE HOJA NOTARIAL,Papelería y Oficina,250,10,"RESMA DE HOJA NOTARIAL, 100 HOJAS 8.5X13.5"
7467823500002,RESMA DE PAPEL COLOR,Papelería y Oficina,200,5,"RESMA DE PAPEL COLOR, 100 HOJAS 8.5X11"
7467144274941,RESMA PAPEL BOND 8.5X11,Papelería y Oficina,350,70,"INFOPRINT RESMA PAPEL, 500 HOJAS 8.5X11"
7467144270554,RESMA PAPEL BOND 8.5X14,Papelería y Oficina,500,19,"INFOPRINT RESMA PAPEL, 500 HOJAS 8.5X14"
20260314103517505,ROLLO PAPEL TERMICO 80 MM,Papelería y Oficina,85,10,"ROLLO TERMICO PARA FACTURAS, 80 MILIMETROS"
7453010030759,SACA PUNTA LAPIZ METAL,Material Escolar,15,67,SACA PUNTA METAL GENERICO PEQUEN
6940509500738,SACAGRAPAS NEGRO NUSTAR,Papelería y Oficina,35,10,"SACA GRAPAS NEGRO , 6.1CM, IDEAL PARA USO ESCOLAR O DE OFICINA"
SILICONBARRAUND,SILICON EN BARRA FINA 11X220MM,Papelería y Oficina,15,27,SILICON EN BARRA PARA PISTOLA PEQUENA
SILICONBARRAGRUESUND,SILICON EN BARRA GRUESA 7X200MM,Papelería y Oficina,20,35,SILICON EN BARRA PARA PISTOLA GRANDE
1313526871702,SILICON LIQUIDO 30ML,Material Escolar,55,22,SILICON LIQUIDO BOTELLITA PQN 30ML
SOBRECARTAVENTANA,SOBRE DE PAPEL CON VENTANA,Papelería y Oficina,20,10,"SOBRE DE PAPEL CON VENTANA, 1 UND, 11.6X25.6"
SOBRESENCILLOCARTA,SOBRE DE PAPEL SENCILLO UNIDAD,Papelería y Oficina,15,9,"SOBRE DE PAPEL, 1 UND, 11.5X24.9"
SOBREM,SOBRE MANILA PEQ,Papelería y Oficina,5,490,"SOBRE MANILA 3X5.5 PULG, 1 UNIDAD"
SOBM,SOBRE MANILA PEQ CAJA,Papelería y Oficina,1000,0,"SOBRE MANILA 3X5.5 PULG, 1 CAJA"
SOBREMANILACARTA,SOBRE MANILA TAMAÑO CARTA,Papelería y Oficina,10,469,"SOBRE MANILA TAMAÑO CARTA, 9X12"
SOBREMANILALEGAL,SOBRE MANILA TAMAÑO LEGAL,Papelería y Oficina,15,493,"SOBRE MANILA TAMAÑO LEGAL, 9X15"
6923787402321,SOBRE PLASTICO PARA DOCUMENTOS 9X5,Papelería y Oficina,95,24,"SOBRE PLASTICO PARA ARCHIVAR DOCUMENTOS, 9X5 PULGADAS"
20260327141009578,STICKER MEDIA PAGINA LAMINADO,Servicios,150,999,STICKER PERSONALIZADO MEDIA PAGINA LAMINADO
ASH1038A4,TABLOIDE CON SUJETADOR A4,Papelería y Oficina,150,1,"TABLOIDE CON SUJETADOR, 8.5 X 11, 1 UNIDAD, IDEAL PARA OFICINA"
TALONARIOPEQUEN,TALONARIO DE RECIBO MEDIANO CON COPIA,Papelería y Oficina,35,15,"TALONARIO DE FACTURAS, 8.5X3.5, 1 UNIDAD"
TALONARIOGRAND,TALONARIO FACTURA GRANDE CON COPIA,Papelería y Oficina,40,20,"TALONARIO DE FACTURAS, 8.5X5.5, 1 UNIDAD"
TALOM,TALONARIO FACTURA PEQ CON COPIA,Papelería y Oficina,35,5,"TALONARIO DE FACTURAS CON PAPEL CARBON, 3.5X5, 1 UNIDAD"
TALONARI,TALONARIO FACTURA PEQ SIN COPIA,Papelería y Oficina,20,7,"TALONARIO DE FACTURAS, 3.5X5, 1 UNIDAD"
1313526871139,TEMPERA 6 COLORES PINTURA,Material Escolar,90,5,"TEMPERA 6 COLORES PINTURA, 3.8X5.5CM, INCLUYE PINCEL PEQUEÑO"
6978524748705,TIJERA ESCOLAR COLOR UND,Material Escolar,40,12,"TIJERAS MANGO PLASTICO ESCOLAR, 14CM, IDEAL PARA USO ESCOLAR"
1313526879784,TIJERAS 7.5 PULGADAS MANGO NEGRO,Papelería y Oficina,100,10,"TIJERAS MANGO NEGRO, 20.4CM, IDEAL PARA USO DE OFICINA"
TIZA,TIZA BLANCA 2 UND,Papelería y Oficina,5,144,"TIZA BLANCA 8.8X8, 2 UND"
071662008161,TIZA DE COLORES CRAYOLA,Papelería y Oficina,80,6,"TIZA CRAYOLA,VARIOS COLORES , 8.8X8, 12 UNID"
